,Unnamed: 0,Application,Images,Epochs,Batchsize,Jobs,GpuType,GpuNumber,ExecutionTime,min,max,Memory
0,0,pytorch_alexnet,130000,500,128,J1,GTX 1080Ti,1,65225.02202999999,19585.08341,226670.0522,4
1,1,pytorch_alexnet,130000,500,128,J1,M60,1,85155.5503715764,19585.08341,226670.0522,4
2,2,pytorch_alexnet,130000,500,128,J1,K80,1,84777.89652000001,19585.08341,226670.0522,4
3,3,pytorch_alexnet,130000,500,128,J1,Quadro P600,1,226670.0522,19585.08341,226670.0522,4
4,4,pytorch_alexnet,130000,500,128,J1,GTX 1080Ti,2,77806.82932,19585.08341,226670.0522,4
5,5,pytorch_alexnet,130000,500,128,J1,M60,2,83129.04691834586,19585.08341,226670.0522,4
6,6,pytorch_alexnet,130000,500,128,J1,K80,2,83999.86464,19585.08341,226670.0522,4
7,7,pytorch_alexnet,130000,500,128,J1,Quadro P600,2,128941.7545,19585.08341,226670.0522,4
8,8,pytorch_alexnet,130000,500,128,J1,GTX 1080Ti,3,81074.3321,19585.08341,226670.0522,4
9,9,pytorch_alexnet,130000,500,128,J1,M60,3,81150.76952,19585.08341,226670.0522,4
10,10,pytorch_alexnet,130000,500,128,J1,K80,3,81219.97125,19585.08341,226670.0522,4
11,11,pytorch_alexnet,130000,500,128,J1,Quadro P600,3,82276.85182000001,19585.08341,226670.0522,4
12,12,pytorch_alexnet,130000,500,128,J1,GTX 1080Ti,4,82013.25876,19585.08341,226670.0522,4
13,13,pytorch_alexnet,130000,500,128,J1,M60,4,79875.24173,19585.08341,226670.0522,4
14,14,pytorch_alexnet,130000,500,128,J1,K80,4,77939.61249,19585.08341,226670.0522,4
15,15,pytorch_alexnet,130000,500,128,J1,Quadro P600,4,48377.79786,19585.08341,226670.0522,4
16,16,pytorch_alexnet,130000,500,128,J1,GTX 1080Ti,5,82020.75497000001,19585.08341,226670.0522,4
17,17,pytorch_alexnet,130000,500,128,J1,M60,5,78052.07057000001,19585.08341,226670.0522,4
18,18,pytorch_alexnet,130000,500,128,J1,K80,5,74459.06757,19585.08341,226670.0522,4
19,19,pytorch_alexnet,130000,500,128,J1,Quadro P600,5,19585.08341,19585.08341,226670.0522,4
20,20,pytorch_alexnet,130000,500,128,J1,GTX 1080Ti,6,81562.53595,19585.08341,226670.0522,4
21,21,pytorch_alexnet,130000,500,128,J1,M60,6,75955.07771,19585.08341,226670.0522,4
22,22,pytorch_alexnet,130000,500,128,J1,K80,6,70878.42958,19585.08341,226670.0522,4
23,23,pytorch_alexnet,130000,500,128,J1,Quadro P600,6,19585.08341,19585.08341,226670.0522,4
24,24,pytorch_alexnet,130000,500,128,J1,GTX 1080Ti,7,80838.19394,19585.08341,226670.0522,4
25,25,pytorch_alexnet,130000,500,128,J1,M60,7,73701.61532000001,19585.08341,226670.0522,4
26,26,pytorch_alexnet,130000,500,128,J1,K80,7,67240.59555,19585.08341,226670.0522,4
27,27,pytorch_alexnet,130000,500,128,J1,Quadro P600,7,67240.59555,19585.08341,226670.0522,4
28,28,pytorch_alexnet,130000,500,128,J1,GTX 1080Ti,8,79947.52507,19585.08341,226670.0522,4
29,29,pytorch_alexnet,130000,500,128,J1,M60,8,71350.35947000001,19585.08341,226670.0522,4
30,30,pytorch_alexnet,130000,500,128,J1,K80,8,63567.01399,19585.08341,226670.0522,4
31,31,pytorch_alexnet,130000,500,128,J1,Quadro P600,8,63567.01399,19585.08341,226670.0522,4
32,32,pytorch_alexnet,130000,1500,256,J10,GTX 1080Ti,1,194440.5221,22023.70207,619154.6944,6
33,33,pytorch_alexnet,130000,1500,256,J10,M60,1,253025.57429006943,22023.70207,619154.6944,6
34,34,pytorch_alexnet,130000,1500,256,J10,K80,1,245878.3576,22023.70207,619154.6944,6
35,35,pytorch_alexnet,130000,1500,256,J10,Quadro P600,1,619154.6944,22023.70207,619154.6944,6
36,36,pytorch_alexnet,130000,1500,256,J10,GTX 1080Ti,2,228225.6616,22023.70207,619154.6944,6
37,37,pytorch_alexnet,130000,1500,256,J10,M60,2,240864.22691934,22023.70207,619154.6944,6
38,38,pytorch_alexnet,130000,1500,256,J10,K80,2,238519.4819,22023.70207,619154.6944,6
39,39,pytorch_alexnet,130000,1500,256,J10,Quadro P600,2,313220.1279,22023.70207,619154.6944,6
40,40,pytorch_alexnet,130000,1500,256,J10,GTX 1080Ti,3,234682.4701,22023.70207,619154.6944,6
41,41,pytorch_alexnet,130000,1500,256,J10,M60,3,229287.399,22023.70207,619154.6944,6
42,42,pytorch_alexnet,130000,1500,256,J10,K80,3,224403.0331,22023.70207,619154.6944,6
43,43,pytorch_alexnet,130000,1500,256,J10,Quadro P600,3,149806.7646,22023.70207,619154.6944,6
44,44,pytorch_alexnet,130000,1500,256,J10,GTX 1080Ti,4,234307.19600000005,22023.70207,619154.6944,6
45,45,pytorch_alexnet,130000,1500,256,J10,M60,4,220813.5285,22023.70207,619154.6944,6
46,46,pytorch_alexnet,130000,1500,256,J10,K80,4,208597.1911,22023.70207,619154.6944,6
47,47,pytorch_alexnet,130000,1500,256,J10,Quadro P600,4,22023.70207,22023.70207,619154.6944,6
48,48,pytorch_alexnet,130000,1500,256,J10,GTX 1080Ti,5,231199.0887,22023.70207,619154.6944,6
49,49,pytorch_alexnet,130000,1500,256,J10,M60,5,210686.4629,22023.70207,619154.6944,6
50,50,pytorch_alexnet,130000,1500,256,J10,K80,5,192115.5918,22023.70207,619154.6944,6
51,51,pytorch_alexnet,130000,1500,256,J10,Quadro P600,5,192115.5918,22023.70207,619154.6944,6
52,52,pytorch_alexnet,130000,1500,256,J10,GTX 1080Ti,6,226724.565,22023.70207,619154.6944,6
53,53,pytorch_alexnet,130000,1500,256,J10,M60,6,199732.7996,22023.70207,619154.6944,6
54,54,pytorch_alexnet,130000,1500,256,J10,K80,6,175296.1138,22023.70207,619154.6944,6
55,55,pytorch_alexnet,130000,1500,256,J10,Quadro P600,6,175296.1138,22023.70207,619154.6944,6
56,56,pytorch_alexnet,130000,1500,256,J10,GTX 1080Ti,7,221469.2317,22023.70207,619154.6944,6
57,57,pytorch_alexnet,130000,1500,256,J10,M60,7,188306.7949,22023.70207,619154.6944,6
58,58,pytorch_alexnet,130000,1500,256,J10,K80,7,158283.5624,22023.70207,619154.6944,6
59,59,pytorch_alexnet,130000,1500,256,J10,Quadro P600,7,158283.5624,22023.70207,619154.6944,6
60,60,pytorch_alexnet,130000,1500,256,J10,GTX 1080Ti,8,215725.8926,22023.70207,619154.6944,6
61,61,pytorch_alexnet,130000,1500,256,J10,M60,8,176585.5768,22023.70207,619154.6944,6
62,62,pytorch_alexnet,130000,1500,256,J10,K80,8,141150.3399,22023.70207,619154.6944,6
63,63,pytorch_alexnet,130000,1500,256,J10,Quadro P600,8,141150.3399,22023.70207,619154.6944,6
64,64,pytorch_alexnet,130000,1500,512,J11,GTX 1080Ti,1,193850.0637,101555.1174,588961.216,8
65,65,pytorch_alexnet,130000,1500,512,J11,M60,1,252695.32880569037,101555.1174,588961.216,8
66,66,pytorch_alexnet,130000,1500,512,J11,K80,1,241702.6286,101555.1174,588961.216,8
67,67,pytorch_alexnet,130000,1500,512,J11,Quadro P600,1,588961.216,101555.1174,588961.216,8
68,68,pytorch_alexnet,130000,1500,512,J11,GTX 1080Ti,2,225651.9403,101555.1174,588961.216,8
69,69,pytorch_alexnet,130000,1500,512,J11,M60,2,236978.98074827087,101555.1174,588961.216,8
70,70,pytorch_alexnet,130000,1500,512,J11,K80,2,231829.4436,101555.1174,588961.216,8
71,71,pytorch_alexnet,130000,1500,512,J11,Quadro P600,2,276658.6203,101555.1174,588961.216,8
72,72,pytorch_alexnet,130000,1500,512,J11,GTX 1080Ti,3,230432.0929,101555.1174,588961.216,8
73,73,pytorch_alexnet,130000,1500,512,J11,M60,3,222240.1086,101555.1174,588961.216,8
74,74,pytorch_alexnet,130000,1500,512,J11,K80,3,214823.5894,101555.1174,588961.216,8
75,75,pytorch_alexnet,130000,1500,512,J11,Quadro P600,3,101555.1174,101555.1174,588961.216,8
76,76,pytorch_alexnet,130000,1500,512,J11,GTX 1080Ti,4,228456.8146,101555.1174,588961.216,8
77,77,pytorch_alexnet,130000,1500,512,J11,M60,4,211440.2866,101555.1174,588961.216,8
78,78,pytorch_alexnet,130000,1500,512,J11,K80,4,196034.5678,101555.1174,588961.216,8
79,79,pytorch_alexnet,130000,1500,512,J11,Quadro P600,4,196034.5678,101555.1174,588961.216,8
80,80,pytorch_alexnet,130000,1500,512,J11,GTX 1080Ti,5,223779.3639,101555.1174,588961.216,8
81,81,pytorch_alexnet,130000,1500,512,J11,M60,5,198982.1516,101555.1174,588961.216,8
82,82,pytorch_alexnet,130000,1500,512,J11,K80,5,176532.2793,101555.1174,588961.216,8
83,83,pytorch_alexnet,130000,1500,512,J11,Quadro P600,5,176532.2793,101555.1174,588961.216,8
84,84,pytorch_alexnet,130000,1500,512,J11,GTX 1080Ti,6,217750.8269,101555.1174,588961.216,8
85,85,pytorch_alexnet,130000,1500,512,J11,M60,6,185694.86,101555.1174,588961.216,8
86,86,pytorch_alexnet,130000,1500,512,J11,K80,6,156673.3573,101555.1174,588961.216,8
87,87,pytorch_alexnet,130000,1500,512,J11,Quadro P600,6,156673.3573,101555.1174,588961.216,8
88,88,pytorch_alexnet,130000,1500,512,J11,GTX 1080Ti,7,210950.2407,101555.1174,588961.216,8
89,89,pytorch_alexnet,130000,1500,512,J11,M60,7,171933.7647,101555.1174,588961.216,8
90,90,pytorch_alexnet,130000,1500,512,J11,K80,7,136610.6447,101555.1174,588961.216,8
91,91,pytorch_alexnet,130000,1500,512,J11,Quadro P600,7,136610.6447,101555.1174,588961.216,8
92,92,pytorch_alexnet,130000,1500,512,J11,GTX 1080Ti,8,203667.1237,101555.1174,588961.216,8
93,93,pytorch_alexnet,130000,1500,512,J11,M60,8,157876.5421,101555.1174,588961.216,8
94,94,pytorch_alexnet,130000,1500,512,J11,K80,8,116420.5631,101555.1174,588961.216,8
95,95,pytorch_alexnet,130000,1500,512,J11,Quadro P600,8,116420.5631,101555.1174,588961.216,8
96,96,pytorch_alexnet,130000,1500,1024,J12,GTX 1080Ti,1,193540.4111,77841.89228,574229.1548,12
97,97,pytorch_alexnet,130000,1500,1024,J12,M60,1,252831.9356686178,77841.89228,574229.1548,12
98,98,pytorch_alexnet,130000,1500,1024,J12,K80,1,239646.2542,77841.89228,574229.1548,12
99,99,pytorch_alexnet,130000,1500,1024,J12,Quadro P600,1,574229.1548,77841.89228,574229.1548,12
100,100,pytorch_alexnet,130000,1500,1024,J12,GTX 1080Ti,2,224353.0432,77841.89228,574229.1548,12
101,101,pytorch_alexnet,130000,1500,1024,J12,M60,2,235161.51236579104,77841.89228,574229.1548,12
102,102,pytorch_alexnet,130000,1500,1024,J12,K80,2,228518.5733,77841.89228,574229.1548,12
103,103,pytorch_alexnet,130000,1500,1024,J12,Quadro P600,2,258747.1741,77841.89228,574229.1548,12
104,104,pytorch_alexnet,130000,1500,1024,J12,GTX 1080Ti,3,228289.1615,77841.89228,574229.1548,12
105,105,pytorch_alexnet,130000,1500,1024,J12,M60,3,218726.0749,77841.89228,574229.1548,12
106,106,pytorch_alexnet,130000,1500,1024,J12,K80,3,210068.244,77841.89228,574229.1548,12
107,107,pytorch_alexnet,130000,1500,1024,J12,Quadro P600,3,77841.89228,77841.89228,574229.1548,12
108,108,pytorch_alexnet,130000,1500,1024,J12,GTX 1080Ti,4,225506.1513,77841.89228,574229.1548,12
109,109,pytorch_alexnet,130000,1500,1024,J12,M60,4,206759.4049,77841.89228,574229.1548,12
110,110,pytorch_alexnet,130000,1500,1024,J12,K80,4,189787.2526,77841.89228,574229.1548,12
111,111,pytorch_alexnet,130000,1500,1024,J12,Quadro P600,4,189787.2526,77841.89228,574229.1548,12
112,112,pytorch_alexnet,130000,1500,1024,J12,GTX 1080Ti,5,220035.4897,77841.89228,574229.1548,12
113,113,pytorch_alexnet,130000,1500,1024,J12,M60,5,193131.3507,77841.89228,574229.1548,12
114,114,pytorch_alexnet,130000,1500,1024,J12,K80,5,168773.9964,77841.89228,574229.1548,12
115,115,pytorch_alexnet,130000,1500,1024,J12,Quadro P600,5,168773.9964,77841.89228,574229.1548,12
116,116,pytorch_alexnet,130000,1500,1024,J12,GTX 1080Ti,6,213221.0024,77841.89228,574229.1548,12
117,117,pytorch_alexnet,130000,1500,1024,J12,M60,6,178672.6045,77841.89228,574229.1548,12
118,118,pytorch_alexnet,130000,1500,1024,J12,K80,6,147394.6078,77841.89228,574229.1548,12
119,119,pytorch_alexnet,130000,1500,1024,J12,Quadro P600,6,147394.6078,77841.89228,574229.1548,12
120,120,pytorch_alexnet,130000,1500,1024,J12,GTX 1080Ti,7,205638.6147,77841.89228,574229.1548,12
121,121,pytorch_alexnet,130000,1500,1024,J12,M60,7,163739.177,77841.89228,574229.1548,12
122,122,pytorch_alexnet,130000,1500,1024,J12,K80,7,125806.0007,77841.89228,574229.1548,12
123,123,pytorch_alexnet,130000,1500,1024,J12,Quadro P600,7,125806.0007,77841.89228,574229.1548,12
124,124,pytorch_alexnet,130000,1500,1024,J12,GTX 1080Ti,8,197576.2893,77841.89228,574229.1548,12
125,125,pytorch_alexnet,130000,1500,1024,J12,M60,8,148509.0739,77841.89228,574229.1548,12
126,126,pytorch_alexnet,130000,1500,1024,J12,K80,8,104086.632,77841.89228,574229.1548,12
127,127,pytorch_alexnet,130000,1500,1024,J12,Quadro P600,8,104086.632,77841.89228,574229.1548,12
128,128,pytorch_alexnet,130000,2000,256,J14,GTX 1080Ti,1,259244.2903,29296.62317,825481.7682,6
129,129,pytorch_alexnet,130000,2000,256,J14,M60,1,337355.0380333722,29296.62317,825481.7682,6
130,130,pytorch_alexnet,130000,2000,256,J14,K80,1,327822.2473,29296.62317,825481.7682,6
131,131,pytorch_alexnet,130000,2000,256,J14,Quadro P600,1,825481.7682,29296.62317,825481.7682,6
132,132,pytorch_alexnet,130000,2000,256,J14,GTX 1080Ti,2,304292.3161,29296.62317,825481.7682,6
133,133,pytorch_alexnet,130000,2000,256,J14,M60,2,321140.52706066647,29296.62317,825481.7682,6
134,134,pytorch_alexnet,130000,2000,256,J14,K80,2,318011.2004,29296.62317,825481.7682,6
135,135,pytorch_alexnet,130000,2000,256,J14,Quadro P600,2,417567.0008,29296.62317,825481.7682,6
136,136,pytorch_alexnet,130000,2000,256,J14,GTX 1080Ti,3,312902.3458,29296.62317,825481.7682,6
137,137,pytorch_alexnet,130000,2000,256,J14,M60,3,305705.3445,29296.62317,825481.7682,6
138,138,pytorch_alexnet,130000,2000,256,J14,K80,3,299189.6218,29296.62317,825481.7682,6
139,139,pytorch_alexnet,130000,2000,256,J14,Quadro P600,3,199678.5255,29296.62317,825481.7682,6
140,140,pytorch_alexnet,130000,2000,256,J14,GTX 1080Ti,4,312402.8766,29296.62317,825481.7682,6
141,141,pytorch_alexnet,130000,2000,256,J14,M60,4,294407.4047,29296.62317,825481.7682,6
142,142,pytorch_alexnet,130000,2000,256,J14,K80,4,278115.4102,29296.62317,825481.7682,6
143,143,pytorch_alexnet,130000,2000,256,J14,Quadro P600,4,29296.62317,29296.62317,825481.7682,6
144,144,pytorch_alexnet,130000,2000,256,J14,GTX 1080Ti,5,308259.6077,29296.62317,825481.7682,6
145,145,pytorch_alexnet,130000,2000,256,J14,M60,5,280905.1714,29296.62317,825481.7682,6
146,146,pytorch_alexnet,130000,2000,256,J14,K80,5,256140.1455,29296.62317,825481.7682,6
147,147,pytorch_alexnet,130000,2000,256,J14,Quadro P600,5,256140.1455,29296.62317,825481.7682,6
148,148,pytorch_alexnet,130000,2000,256,J14,GTX 1080Ti,6,302294.4391,29296.62317,825481.7682,6
149,149,pytorch_alexnet,130000,2000,256,J14,M60,6,266300.7913,29296.62317,825481.7682,6
150,150,pytorch_alexnet,130000,2000,256,J14,K80,6,233714.3542,29296.62317,825481.7682,6
151,151,pytorch_alexnet,130000,2000,256,J14,Quadro P600,6,233714.3542,29296.62317,825481.7682,6
152,152,pytorch_alexnet,130000,2000,256,J14,GTX 1080Ti,7,295288.1848,29296.62317,825481.7682,6
153,153,pytorch_alexnet,130000,2000,256,J14,M60,7,251066.613,29296.62317,825481.7682,6
154,154,pytorch_alexnet,130000,2000,256,J14,K80,7,211031.1191,29296.62317,825481.7682,6
155,155,pytorch_alexnet,130000,2000,256,J14,Quadro P600,7,211031.1191,29296.62317,825481.7682,6
156,156,pytorch_alexnet,130000,2000,256,J14,GTX 1080Ti,8,287631.2521,29296.62317,825481.7682,6
157,157,pytorch_alexnet,130000,2000,256,J14,M60,8,235438.8109,29296.62317,825481.7682,6
158,158,pytorch_alexnet,130000,2000,256,J14,K80,8,188186.9817,29296.62317,825481.7682,6
159,159,pytorch_alexnet,130000,2000,256,J14,Quadro P600,8,188186.9817,29296.62317,825481.7682,6
160,160,pytorch_alexnet,130000,2000,512,J15,GTX 1080Ti,1,258460.2177,135251.3073,785142.7575,8
161,161,pytorch_alexnet,130000,2000,512,J15,M60,1,336909.75734468416,135251.3073,785142.7575,8
162,162,pytorch_alexnet,130000,2000,512,J15,K80,1,322247.6107,135251.3073,785142.7575,8
163,163,pytorch_alexnet,130000,2000,512,J15,Quadro P600,1,785142.7575,135251.3073,785142.7575,8
164,164,pytorch_alexnet,130000,2000,512,J15,GTX 1080Ti,2,300863.3625,135251.3073,785142.7575,8
165,165,pytorch_alexnet,130000,2000,512,J15,M60,2,315956.73648640513,135251.3073,785142.7575,8
166,166,pytorch_alexnet,130000,2000,512,J15,K80,2,309083.5608,135251.3073,785142.7575,8
167,167,pytorch_alexnet,130000,2000,512,J15,Quadro P600,2,368736.2558,135251.3073,785142.7575,8
168,168,pytorch_alexnet,130000,2000,512,J15,GTX 1080Ti,3,307239.1191,135251.3073,785142.7575,8
169,169,pytorch_alexnet,130000,2000,512,J15,M60,3,296306.8215,135251.3073,785142.7575,8
170,170,pytorch_alexnet,130000,2000,512,J15,K80,3,286409.3909,135251.3073,785142.7575,8
171,171,pytorch_alexnet,130000,2000,512,J15,Quadro P600,3,135251.3073,135251.3073,785142.7575,8
172,172,pytorch_alexnet,130000,2000,512,J15,GTX 1080Ti,4,304608.0286,135251.3073,785142.7575,8
173,173,pytorch_alexnet,130000,2000,512,J15,M60,4,281908.4735,135251.3073,785142.7575,8
174,174,pytorch_alexnet,130000,2000,512,J15,K80,4,261357.691,135251.3073,785142.7575,8
175,175,pytorch_alexnet,130000,2000,512,J15,Quadro P600,4,261357.691,135251.3073,785142.7575,8
176,176,pytorch_alexnet,130000,2000,512,J15,GTX 1080Ti,5,298374.1994,135251.3073,785142.7575,8
177,177,pytorch_alexnet,130000,2000,512,J15,M60,5,265299.1219,135251.3073,785142.7575,8
178,178,pytorch_alexnet,130000,2000,512,J15,K80,5,235354.9791,135251.3073,785142.7575,8
179,179,pytorch_alexnet,130000,2000,512,J15,Quadro P600,5,235354.9791,135251.3073,785142.7575,8
180,180,pytorch_alexnet,130000,2000,512,J15,GTX 1080Ti,6,290339.0007,135251.3073,785142.7575,8
181,181,pytorch_alexnet,130000,2000,512,J15,M60,6,247584.2686,135251.3073,785142.7575,8
182,182,pytorch_alexnet,130000,2000,512,J15,K80,6,208876.7612,135251.3073,785142.7575,8
183,183,pytorch_alexnet,130000,2000,512,J15,Quadro P600,6,208876.7612,135251.3073,785142.7575,8
184,184,pytorch_alexnet,130000,2000,512,J15,GTX 1080Ti,7,281274.44800000003,135251.3073,785142.7575,8
185,185,pytorch_alexnet,130000,2000,512,J15,M60,7,229237.7,135251.3073,785142.7575,8
186,186,pytorch_alexnet,130000,2000,512,J15,K80,7,182126.8256,135251.3073,785142.7575,8
187,187,pytorch_alexnet,130000,2000,512,J15,Quadro P600,7,182126.8256,135251.3073,785142.7575,8
188,188,pytorch_alexnet,130000,2000,512,J15,GTX 1080Ti,8,271566.5492,135251.3073,785142.7575,8
189,189,pytorch_alexnet,130000,2000,512,J15,M60,8,210496.3092,135251.3073,785142.7575,8
190,190,pytorch_alexnet,130000,2000,512,J15,K80,8,155207.0665,135251.3073,785142.7575,8
191,191,pytorch_alexnet,130000,2000,512,J15,Quadro P600,8,155207.0665,135251.3073,785142.7575,8
192,192,pytorch_alexnet,130000,2000,1024,J16,GTX 1080Ti,1,258053.7579,103450.2968,765337.9301,12
193,193,pytorch_alexnet,130000,2000,1024,J16,M60,1,337081.60327502905,103450.2968,765337.9301,12
194,194,pytorch_alexnet,130000,2000,1024,J16,K80,1,319491.7826,103450.2968,765337.9301,12
195,195,pytorch_alexnet,130000,2000,1024,J16,Quadro P600,1,765337.9301,103450.2968,765337.9301,12
196,196,pytorch_alexnet,130000,2000,1024,J16,GTX 1080Ti,2,299136.8493,103450.2968,765337.9301,12
197,197,pytorch_alexnet,130000,2000,1024,J16,M60,2,313526.3683935387,103450.2968,765337.9301,12
198,198,pytorch_alexnet,130000,2000,1024,J16,K80,2,304653.8897,103450.2968,765337.9301,12
199,199,pytorch_alexnet,130000,2000,1024,J16,Quadro P600,2,344690.1908,103450.2968,765337.9301,12
200,200,pytorch_alexnet,130000,2000,1024,J16,GTX 1080Ti,3,304389.7629,103450.2968,765337.9301,12
201,201,pytorch_alexnet,130000,2000,1024,J16,M60,3,291617.1714,103450.2968,765337.9301,12
202,202,pytorch_alexnet,130000,2000,1024,J16,K80,3,280053.652,103450.2968,765337.9301,12
203,203,pytorch_alexnet,130000,2000,1024,J16,Quadro P600,3,103450.2968,103450.2968,765337.9301,12
204,204,pytorch_alexnet,130000,2000,1024,J16,GTX 1080Ti,4,300685.132,103450.2968,765337.9301,12
205,205,pytorch_alexnet,130000,2000,1024,J16,M60,4,275664.7471,103450.2968,765337.9301,12
206,206,pytorch_alexnet,130000,2000,1024,J16,K80,4,253012.8279,103450.2968,765337.9301,12
207,207,pytorch_alexnet,130000,2000,1024,J16,Quadro P600,4,253012.8279,103450.2968,765337.9301,12
208,208,pytorch_alexnet,130000,2000,1024,J16,GTX 1080Ti,5,293397.4834,103450.2968,765337.9301,12
209,209,pytorch_alexnet,130000,2000,1024,J16,M60,5,257497.452,103450.2968,765337.9301,12
210,210,pytorch_alexnet,130000,2000,1024,J16,K80,5,224995.7694,103450.2968,765337.9301,12
211,211,pytorch_alexnet,130000,2000,1024,J16,Quadro P600,5,224995.7694,103450.2968,765337.9301,12
212,212,pytorch_alexnet,130000,2000,1024,J16,GTX 1080Ti,6,284318.326,103450.2968,765337.9301,12
213,213,pytorch_alexnet,130000,2000,1024,J16,M60,6,238222.7215,103450.2968,765337.9301,12
214,214,pytorch_alexnet,130000,2000,1024,J16,K80,6,196490.5936,103450.2968,765337.9301,12
215,215,pytorch_alexnet,130000,2000,1024,J16,Quadro P600,6,196490.5936,103450.2968,765337.9301,12
216,216,pytorch_alexnet,130000,2000,1024,J16,GTX 1080Ti,7,274215.4491,103450.2968,765337.9301,12
217,217,pytorch_alexnet,130000,2000,1024,J16,M60,7,218315.1708,103450.2968,765337.9301,12
218,218,pytorch_alexnet,130000,2000,1024,J16,K80,7,167706.4937,103450.2968,765337.9301,12
219,219,pytorch_alexnet,130000,2000,1024,J16,Quadro P600,7,167706.4937,103450.2968,765337.9301,12
220,220,pytorch_alexnet,130000,2000,1024,J16,GTX 1080Ti,8,263472.7477,103450.2968,765337.9301,12
221,221,pytorch_alexnet,130000,2000,1024,J16,M60,8,198012.1075,103450.2968,765337.9301,12
222,222,pytorch_alexnet,130000,2000,1024,J16,K80,8,138748.0662,103450.2968,765337.9301,12
223,223,pytorch_alexnet,130000,2000,1024,J16,Quadro P600,8,138748.0662,103450.2968,765337.9301,12
224,224,pytorch_alexnet,130000,500,256,J2,GTX 1080Ti,1,64832.98572999999,7477.859887,206500.5469,6
225,225,pytorch_alexnet,130000,500,256,J2,M60,1,84366.64671733123,7477.859887,206500.5469,6
226,226,pytorch_alexnet,130000,500,256,J2,K80,1,81990.57825,7477.859887,206500.5469,6
227,227,pytorch_alexnet,130000,500,256,J2,Quadro P600,1,206500.5469,7477.859887,206500.5469,6
228,228,pytorch_alexnet,130000,500,256,J2,GTX 1080Ti,2,76092.35253999999,7477.859887,206500.5469,6
229,229,pytorch_alexnet,130000,500,256,J2,M60,2,80311.62658517064,7477.859887,206500.5469,6
230,230,pytorch_alexnet,130000,500,256,J2,K80,2,79536.04485,7477.859887,206500.5469,6
231,231,pytorch_alexnet,130000,500,256,J2,Quadro P600,2,104526.382,7477.859887,206500.5469,6
232,232,pytorch_alexnet,130000,500,256,J2,GTX 1080Ti,3,78242.71874,7477.859887,206500.5469,6
233,233,pytorch_alexnet,130000,500,256,J2,M60,3,76451.50798,7477.859887,206500.5469,6
234,234,pytorch_alexnet,130000,500,256,J2,K80,3,74829.85582000001,7477.859887,206500.5469,6
235,235,pytorch_alexnet,130000,500,256,J2,Quadro P600,3,50063.24273,7477.859887,206500.5469,6
236,236,pytorch_alexnet,130000,500,256,J2,GTX 1080Ti,4,78115.83479,7477.859887,206500.5469,6
237,237,pytorch_alexnet,130000,500,256,J2,M60,4,73625.77612000001,7477.859887,206500.5469,6
238,238,pytorch_alexnet,130000,500,256,J2,K80,4,69560.75288,7477.859887,206500.5469,6
239,239,pytorch_alexnet,130000,500,256,J2,Quadro P600,4,7477.859887,7477.859887,206500.5469,6
240,240,pytorch_alexnet,130000,500,256,J2,GTX 1080Ti,5,77078.05077999999,7477.859887,206500.5469,6
241,241,pytorch_alexnet,130000,500,256,J2,M60,5,70249.04585,7477.859887,206500.5469,6
242,242,pytorch_alexnet,130000,500,256,J2,K80,5,64066.48438,7477.859887,206500.5469,6
243,243,pytorch_alexnet,130000,500,256,J2,Quadro P600,5,64066.48438,7477.859887,206500.5469,6
244,244,pytorch_alexnet,130000,500,256,J2,GTX 1080Ti,6,75584.81675,7477.859887,206500.5469,6
245,245,pytorch_alexnet,130000,500,256,J2,M60,6,66596.81637,7477.859887,206500.5469,6
246,246,pytorch_alexnet,130000,500,256,J2,K80,6,58459.6331,7477.859887,206500.5469,6
247,247,pytorch_alexnet,130000,500,256,J2,Quadro P600,6,58459.6331,7477.859887,206500.5469,6
248,248,pytorch_alexnet,130000,500,256,J2,GTX 1080Ti,7,73831.32555,7477.859887,206500.5469,6
249,249,pytorch_alexnet,130000,500,256,J2,M60,7,62787.15878,7477.859887,206500.5469,6
250,250,pytorch_alexnet,130000,500,256,J2,K80,7,52788.4488,7477.859887,206500.5469,6
251,251,pytorch_alexnet,130000,500,256,J2,Quadro P600,7,52788.4488,7477.859887,206500.5469,6
252,252,pytorch_alexnet,130000,500,256,J2,GTX 1080Ti,8,71915.17362999999,7477.859887,206500.5469,6
253,253,pytorch_alexnet,130000,500,256,J2,M60,8,58879.108620000006,7477.859887,206500.5469,6
254,254,pytorch_alexnet,130000,500,256,J2,K80,8,47077.05637,7477.859887,206500.5469,6
255,255,pytorch_alexnet,130000,500,256,J2,Quadro P600,8,47077.05637,7477.859887,206500.5469,6
256,256,pytorch_alexnet,130000,500,512,J3,GTX 1080Ti,1,64629.75586000001,34162.73745,196598.1332,8
257,257,pytorch_alexnet,130000,500,512,J3,M60,1,84266.47229238281,34162.73745,196598.1332,8
258,258,pytorch_alexnet,130000,500,512,J3,K80,1,80612.66419,34162.73745,196598.1332,8
259,259,pytorch_alexnet,130000,500,512,J3,Quadro P600,1,196598.1332,34162.73745,196598.1332,8
260,260,pytorch_alexnet,130000,500,512,J3,GTX 1080Ti,2,75229.09591,34162.73745,196598.1332,8
261,261,pytorch_alexnet,130000,500,512,J3,M60,2,79023.46959181961,34162.73745,196598.1332,8
262,262,pytorch_alexnet,130000,500,512,J3,K80,2,77321.20932000001,34162.73745,196598.1332,8
263,263,pytorch_alexnet,130000,500,512,J3,Quadro P600,2,92503.34948,34162.73745,196598.1332,8
264,264,pytorch_alexnet,130000,500,512,J3,GTX 1080Ti,3,76818.04062,34162.73745,196598.1332,8
265,265,pytorch_alexnet,130000,500,512,J3,M60,3,74106.68296,34162.73745,196598.1332,8
266,266,pytorch_alexnet,130000,500,512,J3,K80,3,71651.98634,34162.73745,196598.1332,8
267,267,pytorch_alexnet,130000,500,512,J3,Quadro P600,3,34162.73745,34162.73745,196598.1332,8
268,268,pytorch_alexnet,130000,500,512,J3,GTX 1080Ti,4,76154.38649,34162.73745,196598.1332,8
269,269,pytorch_alexnet,130000,500,512,J3,M60,4,70503.91291,34162.73745,196598.1332,8
270,270,pytorch_alexnet,130000,500,512,J3,K80,4,65388.32133,34162.73745,196598.1332,8
271,271,pytorch_alexnet,130000,500,512,J3,Quadro P600,4,65388.32133,34162.73745,196598.1332,8
272,272,pytorch_alexnet,130000,500,512,J3,GTX 1080Ti,5,74589.69282000001,34162.73745,196598.1332,8
273,273,pytorch_alexnet,130000,500,512,J3,M60,5,66348.21087000001,34162.73745,196598.1332,8
274,274,pytorch_alexnet,130000,500,512,J3,K80,5,58886.87951,34162.73745,196598.1332,8
275,275,pytorch_alexnet,130000,500,512,J3,Quadro P600,5,58886.87951,34162.73745,196598.1332,8
276,276,pytorch_alexnet,130000,500,512,J3,GTX 1080Ti,6,72574.47939,34162.73745,196598.1332,8
277,277,pytorch_alexnet,130000,500,512,J3,M60,6,61916.04284,34162.73745,196598.1332,8
278,278,pytorch_alexnet,130000,500,512,J3,K80,6,52266.54929,34162.73745,196598.1332,8
279,279,pytorch_alexnet,130000,500,512,J3,Quadro P600,6,52266.54929,34162.73745,196598.1332,8
280,280,pytorch_alexnet,130000,500,512,J3,GTX 1080Ti,7,70301.82609,34162.73745,196598.1332,8
281,281,pytorch_alexnet,130000,500,512,J3,M60,7,57325.89423,34162.73745,196598.1332,8
282,282,pytorch_alexnet,130000,500,512,J3,K80,7,45578.28284,34162.73745,196598.1332,8
283,283,pytorch_alexnet,130000,500,512,J3,Quadro P600,7,45578.28284,34162.73745,196598.1332,8
284,284,pytorch_alexnet,130000,500,512,J3,GTX 1080Ti,8,67868.27287,34162.73745,196598.1332,8
285,285,pytorch_alexnet,130000,500,512,J3,M60,8,52637.00777,34162.73745,196598.1332,8
286,286,pytorch_alexnet,130000,500,512,J3,K80,8,38847.55624,34162.73745,196598.1332,8
287,287,pytorch_alexnet,130000,500,512,J3,Quadro P600,8,38847.55624,34162.73745,196598.1332,8
288,288,pytorch_alexnet,130000,500,1024,J4,GTX 1080Ti,1,64513.71747,26625.08331,192011.6042,12
289,289,pytorch_alexnet,130000,500,1024,J4,M60,1,84332.6048660725,26625.08331,192011.6042,12
290,290,pytorch_alexnet,130000,500,1024,J4,K80,1,79955.1973,26625.08331,192011.6042,12
291,291,pytorch_alexnet,130000,500,1024,J4,Quadro P600,1,192011.6042,26625.08331,192011.6042,12
292,292,pytorch_alexnet,130000,500,1024,J4,GTX 1080Ti,2,74785.43113,26625.08331,192011.6042,12
293,293,pytorch_alexnet,130000,500,1024,J4,M60,2,78431.80205686204,26625.08331,192011.6042,12
294,294,pytorch_alexnet,130000,500,1024,J4,K80,2,76247.94029,26625.08331,192011.6042,12
295,295,pytorch_alexnet,130000,500,1024,J4,Quadro P600,2,86861.14075,26625.08331,192011.6042,12
296,296,pytorch_alexnet,130000,500,1024,J4,GTX 1080Ti,3,76087.95868,26625.08331,192011.6042,12
297,297,pytorch_alexnet,130000,500,1024,J4,M60,3,72943.88195,26625.08331,192011.6042,12
298,298,pytorch_alexnet,130000,500,1024,J4,K80,3,70097.42807000001,26625.08331,192011.6042,12
299,299,pytorch_alexnet,130000,500,1024,J4,Quadro P600,3,26625.08331,26625.08331,192011.6042,12
300,300,pytorch_alexnet,130000,500,1024,J4,GTX 1080Ti,4,75148.18969,26625.08331,192011.6042,12
301,301,pytorch_alexnet,130000,500,1024,J4,M60,4,68948.72052,26625.08331,192011.6042,12
302,302,pytorch_alexnet,130000,500,1024,J4,K80,4,63336.10206000001,26625.08331,192011.6042,12
303,303,pytorch_alexnet,130000,500,1024,J4,Quadro P600,4,63336.10206000001,26625.08331,192011.6042,12
304,304,pytorch_alexnet,130000,500,1024,J4,GTX 1080Ti,5,73311.50209,26625.08331,192011.6042,12
305,305,pytorch_alexnet,130000,500,1024,J4,M60,5,64399.14816,26625.08331,192011.6042,12
306,306,pytorch_alexnet,130000,500,1024,J4,K80,5,56330.45053,26625.08331,192011.6042,12
307,307,pytorch_alexnet,130000,500,1024,J4,Quadro P600,5,56330.45053,26625.08331,192011.6042,12
308,308,pytorch_alexnet,130000,500,1024,J4,GTX 1080Ti,6,71026.35519,26625.08331,192011.6042,12
309,309,pytorch_alexnet,130000,500,1024,J4,M60,6,59572.37034,26625.08331,192011.6042,12
310,310,pytorch_alexnet,130000,500,1024,J4,K80,6,49202.63624,26625.08331,192011.6042,12
311,311,pytorch_alexnet,130000,500,1024,J4,Quadro P600,6,49202.63624,26625.08331,192011.6042,12
312,312,pytorch_alexnet,130000,500,1024,J4,GTX 1080Ti,7,68484.94583,26625.08331,192011.6042,12
313,313,pytorch_alexnet,130000,500,1024,J4,M60,7,54587.18939,26625.08331,192011.6042,12
314,314,pytorch_alexnet,130000,500,1024,J4,K80,7,42005.01466,26625.08331,192011.6042,12
315,315,pytorch_alexnet,130000,500,1024,J4,Quadro P600,7,42005.01466,26625.08331,192011.6042,12
316,316,pytorch_alexnet,130000,500,1024,J4,GTX 1080Ti,8,65783.37242999999,26625.08331,192011.6042,12
317,317,pytorch_alexnet,130000,500,1024,J4,M60,8,49503.00649,26625.08331,192011.6042,12
318,318,pytorch_alexnet,130000,500,1024,J4,K80,8,34763.763530000004,26625.08331,192011.6042,12
319,319,pytorch_alexnet,130000,500,1024,J4,Quadro P600,8,34763.763530000004,26625.08331,192011.6042,12
320,320,pytorch_alexnet,130000,1000,128,J5,GTX 1080Ti,1,130416.0187,39125.30314,453288.1907,4
321,321,pytorch_alexnet,130000,1000,128,J5,M60,1,170280.6690677028,39125.30314,453288.1907,4
322,322,pytorch_alexnet,130000,1000,128,J5,K80,1,169519.6012,39125.30314,453288.1907,4
323,323,pytorch_alexnet,130000,1000,128,J5,Quadro P600,1,453288.1907,39125.30314,453288.1907,4
324,324,pytorch_alexnet,130000,1000,128,J5,GTX 1080Ti,2,155583.9485,39125.30314,453288.1907,4
325,325,pytorch_alexnet,130000,1000,128,J5,M60,2,166227.69074049575,39125.30314,453288.1907,4
326,326,pytorch_alexnet,130000,1000,128,J5,K80,2,167966.7859,39125.30314,453288.1907,4
327,327,pytorch_alexnet,130000,1000,128,J5,Quadro P600,2,257827.1025,39125.30314,453288.1907,4
328,328,pytorch_alexnet,130000,1000,128,J5,GTX 1080Ti,3,162119.9069,39125.30314,453288.1907,4
329,329,pytorch_alexnet,130000,1000,128,J5,M60,3,162271.1804,39125.30314,453288.1907,4
330,330,pytorch_alexnet,130000,1000,128,J5,K80,3,162408.1342,39125.30314,453288.1907,4
331,331,pytorch_alexnet,130000,1000,128,J5,Quadro P600,3,164499.7547,39125.30314,453288.1907,4
332,332,pytorch_alexnet,130000,1000,128,J5,GTX 1080Ti,4,163997.8724,39125.30314,453288.1907,4
333,333,pytorch_alexnet,130000,1000,128,J5,M60,4,159720.4966,39125.30314,453288.1907,4
334,334,pytorch_alexnet,130000,1000,128,J5,K80,4,155848.0234,39125.30314,453288.1907,4
335,335,pytorch_alexnet,130000,1000,128,J5,Quadro P600,4,96705.84188,39125.30314,453288.1907,4
336,336,pytorch_alexnet,130000,1000,128,J5,GTX 1080Ti,5,164012.6409,39125.30314,453288.1907,4
337,337,pytorch_alexnet,130000,1000,128,J5,M60,5,156074.2554,39125.30314,453288.1907,4
338,338,pytorch_alexnet,130000,1000,128,J5,K80,5,148887.329,39125.30314,453288.1907,4
339,339,pytorch_alexnet,130000,1000,128,J5,Quadro P600,5,39125.30314,39125.30314,453288.1907,4
340,340,pytorch_alexnet,130000,1000,128,J5,GTX 1080Ti,6,163095.8107,39125.30314,453288.1907,4
341,341,pytorch_alexnet,130000,1000,128,J5,M60,6,151880.2354,39125.30314,453288.1907,4
342,342,pytorch_alexnet,130000,1000,128,J5,K80,6,141726.3427,39125.30314,453288.1907,4
343,343,pytorch_alexnet,130000,1000,128,J5,Quadro P600,6,141726.3427,39125.30314,453288.1907,4
344,344,pytorch_alexnet,130000,1000,128,J5,GTX 1080Ti,7,161646.6386,39125.30314,453288.1907,4
345,345,pytorch_alexnet,130000,1000,128,J5,M60,7,147373.1991,39125.30314,453288.1907,4
346,346,pytorch_alexnet,130000,1000,128,J5,K80,7,134450.904,39125.30314,453288.1907,4
347,347,pytorch_alexnet,130000,1000,128,J5,Quadro P600,7,134450.904,39125.30314,453288.1907,4
348,348,pytorch_alexnet,130000,1000,128,J5,GTX 1080Ti,8,159864.7526,39125.30314,453288.1907,4
349,349,pytorch_alexnet,130000,1000,128,J5,M60,8,142670.5275,39125.30314,453288.1907,4
350,350,pytorch_alexnet,130000,1000,128,J5,K80,8,127103.9325,39125.30314,453288.1907,4
351,351,pytorch_alexnet,130000,1000,128,J5,Quadro P600,8,127103.9325,39125.30314,453288.1907,4
352,352,pytorch_alexnet,130000,1000,256,J6,GTX 1080Ti,1,129636.7539,14750.78098,412827.6207,6
353,353,pytorch_alexnet,130000,1000,256,J6,M60,1,168696.1104793834,14750.78098,412827.6207,6
354,354,pytorch_alexnet,130000,1000,256,J6,K80,1,163934.4679,14750.78098,412827.6207,6
355,355,pytorch_alexnet,130000,1000,256,J6,Quadro P600,1,412827.6207,14750.78098,412827.6207,6
356,356,pytorch_alexnet,130000,1000,256,J6,GTX 1080Ti,2,152159.00699999998,14750.78098,412827.6207,6
357,357,pytorch_alexnet,130000,1000,256,J6,M60,2,160587.92674593866,14750.78098,412827.6207,6
358,358,pytorch_alexnet,130000,1000,256,J6,K80,2,159027.7634,14750.78098,412827.6207,6
359,359,pytorch_alexnet,130000,1000,256,J6,Quadro P600,2,208873.2549,14750.78098,412827.6207,6
360,360,pytorch_alexnet,130000,1000,256,J6,GTX 1080Ti,3,156462.5944,14750.78098,412827.6207,6
361,361,pytorch_alexnet,130000,1000,256,J6,M60,3,152869.4535,14750.78098,412827.6207,6
362,362,pytorch_alexnet,130000,1000,256,J6,K80,3,149616.4445,14750.78098,412827.6207,6
363,363,pytorch_alexnet,130000,1000,256,J6,Quadro P600,3,99935.00366,14750.78098,412827.6207,6
364,364,pytorch_alexnet,130000,1000,256,J6,GTX 1080Ti,4,156211.5154,14750.78098,412827.6207,6
365,365,pytorch_alexnet,130000,1000,256,J6,M60,4,147219.6523,14750.78098,412827.6207,6
366,366,pytorch_alexnet,130000,1000,256,J6,K80,4,139078.97199999998,14750.78098,412827.6207,6
367,367,pytorch_alexnet,130000,1000,256,J6,Quadro P600,4,14750.78098,14750.78098,412827.6207,6
368,368,pytorch_alexnet,130000,1000,256,J6,GTX 1080Ti,5,154138.5698,14750.78098,412827.6207,6
369,369,pytorch_alexnet,130000,1000,256,J6,M60,5,140467.7544,14750.78098,412827.6207,6
370,370,pytorch_alexnet,130000,1000,256,J6,K80,5,128091.0381,14750.78098,412827.6207,6
371,371,pytorch_alexnet,130000,1000,256,J6,Quadro P600,5,128091.0381,14750.78098,412827.6207,6
372,372,pytorch_alexnet,130000,1000,256,J6,GTX 1080Ti,6,151154.6909,14750.78098,412827.6207,6
373,373,pytorch_alexnet,130000,1000,256,J6,M60,6,133164.80800000002,14750.78098,412827.6207,6
374,374,pytorch_alexnet,130000,1000,256,J6,K80,6,116877.8735,14750.78098,412827.6207,6
375,375,pytorch_alexnet,130000,1000,256,J6,Quadro P600,6,116877.8735,14750.78098,412827.6207,6
376,376,pytorch_alexnet,130000,1000,256,J6,GTX 1080Ti,7,147650.2786,14750.78098,412827.6207,6
377,377,pytorch_alexnet,130000,1000,256,J6,M60,7,125546.9769,14750.78098,412827.6207,6
378,378,pytorch_alexnet,130000,1000,256,J6,K80,7,105536.0056,14750.78098,412827.6207,6
379,379,pytorch_alexnet,130000,1000,256,J6,Quadro P600,7,105536.0056,14750.78098,412827.6207,6
380,380,pytorch_alexnet,130000,1000,256,J6,GTX 1080Ti,8,143820.5331,14750.78098,412827.6207,6
381,381,pytorch_alexnet,130000,1000,256,J6,M60,8,117732.3427,14750.78098,412827.6207,6
382,382,pytorch_alexnet,130000,1000,256,J6,K80,8,94113.69814,14750.78098,412827.6207,6
383,383,pytorch_alexnet,130000,1000,256,J6,Quadro P600,8,94113.69814,14750.78098,412827.6207,6
384,384,pytorch_alexnet,130000,1000,512,J7,GTX 1080Ti,1,129239.9098,67858.92741,392779.6746,8
385,385,pytorch_alexnet,130000,1000,512,J7,M60,1,168480.90042707036,67858.92741,392779.6746,8
386,386,pytorch_alexnet,130000,1000,512,J7,K80,1,161157.6464,67858.92741,392779.6746,8
387,387,pytorch_alexnet,130000,1000,512,J7,Quadro P600,1,392779.6746,67858.92741,392779.6746,8
388,388,pytorch_alexnet,130000,1000,512,J7,GTX 1080Ti,2,150440.5181,67858.92741,392779.6746,8
389,389,pytorch_alexnet,130000,1000,512,J7,M60,2,158001.22513360676,67858.92741,392779.6746,8
390,390,pytorch_alexnet,130000,1000,512,J7,K80,2,154575.3265,67858.92741,392779.6746,8
391,391,pytorch_alexnet,130000,1000,512,J7,Quadro P600,2,184580.9849,67858.92741,392779.6746,8
392,392,pytorch_alexnet,130000,1000,512,J7,GTX 1080Ti,3,153625.0668,67858.92741,392779.6746,8
393,393,pytorch_alexnet,130000,1000,512,J7,M60,3,148173.3958,67858.92741,392779.6746,8
394,394,pytorch_alexnet,130000,1000,512,J7,K80,3,143237.7879,67858.92741,392779.6746,8
395,395,pytorch_alexnet,130000,1000,512,J7,Quadro P600,3,67858.92741,67858.92741,392779.6746,8
396,396,pytorch_alexnet,130000,1000,512,J7,GTX 1080Ti,4,152305.6005,67858.92741,392779.6746,8
397,397,pytorch_alexnet,130000,1000,512,J7,M60,4,140972.0998,67858.92741,392779.6746,8
398,398,pytorch_alexnet,130000,1000,512,J7,K80,4,130711.4446,67858.92741,392779.6746,8
399,399,pytorch_alexnet,130000,1000,512,J7,Quadro P600,4,130711.4446,67858.92741,392779.6746,8
400,400,pytorch_alexnet,130000,1000,512,J7,GTX 1080Ti,5,149184.5283,67858.92741,392779.6746,8
401,401,pytorch_alexnet,130000,1000,512,J7,M60,5,132665.1812,67858.92741,392779.6746,8
402,402,pytorch_alexnet,130000,1000,512,J7,K80,5,117709.5794,67858.92741,392779.6746,8
403,403,pytorch_alexnet,130000,1000,512,J7,Quadro P600,5,117709.5794,67858.92741,392779.6746,8
404,404,pytorch_alexnet,130000,1000,512,J7,GTX 1080Ti,6,145162.6531,67858.92741,392779.6746,8
405,405,pytorch_alexnet,130000,1000,512,J7,M60,6,123805.4514,67858.92741,392779.6746,8
406,406,pytorch_alexnet,130000,1000,512,J7,K80,6,104469.9533,67858.92741,392779.6746,8
407,407,pytorch_alexnet,130000,1000,512,J7,Quadro P600,6,104469.9533,67858.92741,392779.6746,8
408,408,pytorch_alexnet,130000,1000,512,J7,GTX 1080Ti,7,140626.0334,67858.92741,392779.6746,8
409,409,pytorch_alexnet,130000,1000,512,J7,M60,7,114629.8295,67858.92741,392779.6746,8
410,410,pytorch_alexnet,130000,1000,512,J7,K80,7,91094.46377,67858.92741,392779.6746,8
411,411,pytorch_alexnet,130000,1000,512,J7,Quadro P600,7,91094.46377,67858.92741,392779.6746,8
412,412,pytorch_alexnet,130000,1000,512,J7,GTX 1080Ti,8,135767.6983,67858.92741,392779.6746,8
413,413,pytorch_alexnet,130000,1000,512,J7,M60,8,105256.7749,67858.92741,392779.6746,8
414,414,pytorch_alexnet,130000,1000,512,J7,K80,8,77634.05965,67858.92741,392779.6746,8
415,415,pytorch_alexnet,130000,1000,512,J7,Quadro P600,8,77634.05965,67858.92741,392779.6746,8
416,416,pytorch_alexnet,130000,1000,1024,J8,GTX 1080Ti,1,129027.0643,52233.48779,383120.3795,12
417,417,pytorch_alexnet,130000,1000,1024,J8,M60,1,168582.26878108838,52233.48779,383120.3795,12
418,418,pytorch_alexnet,130000,1000,1024,J8,K80,1,159800.7257,52233.48779,383120.3795,12
419,419,pytorch_alexnet,130000,1000,1024,J8,Quadro P600,1,383120.3795,52233.48779,383120.3795,12
420,420,pytorch_alexnet,130000,1000,1024,J8,GTX 1080Ti,2,149569.2372,52233.48779,383120.3795,12
421,421,pytorch_alexnet,130000,1000,1024,J8,M60,2,156796.65661713906,52233.48779,383120.3795,12
422,422,pytorch_alexnet,130000,1000,1024,J8,K80,2,152383.2568,52233.48779,383120.3795,12
423,423,pytorch_alexnet,130000,1000,1024,J8,Quadro P600,2,172804.1574,52233.48779,383120.3795,12
424,424,pytorch_alexnet,130000,1000,1024,J8,GTX 1080Ti,3,152188.5601,52233.48779,383120.3795,12
425,425,pytorch_alexnet,130000,1000,1024,J8,M60,3,145834.9784,52233.48779,383120.3795,12
426,426,pytorch_alexnet,130000,1000,1024,J8,K80,3,140082.836,52233.48779,383120.3795,12
427,427,pytorch_alexnet,130000,1000,1024,J8,Quadro P600,3,52233.48779,52233.48779,383120.3795,12
428,428,pytorch_alexnet,130000,1000,1024,J8,GTX 1080Ti,4,150327.1705,52233.48779,383120.3795,12
429,429,pytorch_alexnet,130000,1000,1024,J8,M60,4,137854.0627,52233.48779,383120.3795,12
430,430,pytorch_alexnet,130000,1000,1024,J8,K80,4,126561.6773,52233.48779,383120.3795,12
431,431,pytorch_alexnet,130000,1000,1024,J8,Quadro P600,4,126561.6773,52233.48779,383120.3795,12
432,432,pytorch_alexnet,130000,1000,1024,J8,GTX 1080Ti,5,146673.4959,52233.48779,383120.3795,12
433,433,pytorch_alexnet,130000,1000,1024,J8,M60,5,128765.2494,52233.48779,383120.3795,12
434,434,pytorch_alexnet,130000,1000,1024,J8,K80,5,112552.2235,52233.48779,383120.3795,12
435,435,pytorch_alexnet,130000,1000,1024,J8,Quadro P600,5,112552.2235,52233.48779,383120.3795,12
436,436,pytorch_alexnet,130000,1000,1024,J8,GTX 1080Ti,6,142123.6788,52233.48779,383120.3795,12
437,437,pytorch_alexnet,130000,1000,1024,J8,M60,6,119122.4874,52233.48779,383120.3795,12
438,438,pytorch_alexnet,130000,1000,1024,J8,K80,6,98298.62204,52233.48779,383120.3795,12
439,439,pytorch_alexnet,130000,1000,1024,J8,Quadro P600,6,98298.62204,52233.48779,383120.3795,12
440,440,pytorch_alexnet,130000,1000,1024,J8,GTX 1080Ti,7,137061.7803,52233.48779,383120.3795,12
441,441,pytorch_alexnet,130000,1000,1024,J8,M60,7,109163.1832,52233.48779,383120.3795,12
442,442,pytorch_alexnet,130000,1000,1024,J8,K80,7,83905.50768,52233.48779,383120.3795,12
443,443,pytorch_alexnet,130000,1000,1024,J8,Quadro P600,7,83905.50768,52233.48779,383120.3795,12
444,444,pytorch_alexnet,130000,1000,1024,J8,GTX 1080Ti,8,131679.8308,52233.48779,383120.3795,12
445,445,pytorch_alexnet,130000,1000,1024,J8,M60,8,99006.04018,52233.48779,383120.3795,12
446,446,pytorch_alexnet,130000,1000,1024,J8,K80,8,69425.19775,52233.48779,383120.3795,12
447,447,pytorch_alexnet,130000,1000,1024,J8,Quadro P600,8,69425.19775,52233.48779,383120.3795,12
448,448,pytorch_alexnet,130000,1500,128,J9,GTX 1080Ti,1,195607.0154,58665.52286000001,679906.3292,4
449,449,pytorch_alexnet,130000,1500,128,J9,M60,1,255405.78779634525,58665.52286000001,679906.3292,4
450,450,pytorch_alexnet,130000,1500,128,J9,K80,1,254261.3059,58665.52286000001,679906.3292,4
451,451,pytorch_alexnet,130000,1500,128,J9,Quadro P600,1,679906.3292,58665.52286000001,679906.3292,4
452,452,pytorch_alexnet,130000,1500,128,J9,GTX 1080Ti,2,233361.0676,58665.52286000001,679906.3292,4
453,453,pytorch_alexnet,130000,1500,128,J9,M60,2,249326.33458779,58665.52286000001,679906.3292,4
454,454,pytorch_alexnet,130000,1500,128,J9,K80,2,251933.7071,58665.52286000001,679906.3292,4
455,455,pytorch_alexnet,130000,1500,128,J9,Quadro P600,2,386712.4505,58665.52286000001,679906.3292,4
456,456,pytorch_alexnet,130000,1500,128,J9,GTX 1080Ti,3,243165.4816,58665.52286000001,679906.3292,4
457,457,pytorch_alexnet,130000,1500,128,J9,M60,3,243391.5913,58665.52286000001,679906.3292,4
458,458,pytorch_alexnet,130000,1500,128,J9,K80,3,243596.2971,58665.52286000001,679906.3292,4
459,459,pytorch_alexnet,130000,1500,128,J9,Quadro P600,3,246722.6575,58665.52286000001,679906.3292,4
460,460,pytorch_alexnet,130000,1500,128,J9,GTX 1080Ti,4,245982.4861,58665.52286000001,679906.3292,4
461,461,pytorch_alexnet,130000,1500,128,J9,M60,4,239565.7515,58665.52286000001,679906.3292,4
462,462,pytorch_alexnet,130000,1500,128,J9,K80,4,233756.4343,58665.52286000001,679906.3292,4
463,463,pytorch_alexnet,130000,1500,128,J9,Quadro P600,4,145033.8859,58665.52286000001,679906.3292,4
464,464,pytorch_alexnet,130000,1500,128,J9,GTX 1080Ti,5,246004.5268,58665.52286000001,679906.3292,4
465,465,pytorch_alexnet,130000,1500,128,J9,M60,5,234096.4402,58665.52286000001,679906.3292,4
466,466,pytorch_alexnet,130000,1500,128,J9,K80,5,223315.5903,58665.52286000001,679906.3292,4
467,467,pytorch_alexnet,130000,1500,128,J9,Quadro P600,5,58665.52286000001,58665.52286000001,679906.3292,4
468,468,pytorch_alexnet,130000,1500,128,J9,GTX 1080Ti,6,244629.0856,58665.52286000001,679906.3292,4
469,469,pytorch_alexnet,130000,1500,128,J9,M60,6,227805.3932,58665.52286000001,679906.3292,4
470,470,pytorch_alexnet,130000,1500,128,J9,K80,6,212574.2558,58665.52286000001,679906.3292,4
471,471,pytorch_alexnet,130000,1500,128,J9,Quadro P600,6,212574.2558,58665.52286000001,679906.3292,4
472,472,pytorch_alexnet,130000,1500,128,J9,GTX 1080Ti,7,242455.0832,58665.52286000001,679906.3292,4
473,473,pytorch_alexnet,130000,1500,128,J9,M60,7,221044.7829,58665.52286000001,679906.3292,4
474,474,pytorch_alexnet,130000,1500,128,J9,K80,7,201661.2125,58665.52286000001,679906.3292,4
475,475,pytorch_alexnet,130000,1500,128,J9,Quadro P600,7,201661.2125,58665.52286000001,679906.3292,4
476,476,pytorch_alexnet,130000,1500,128,J9,GTX 1080Ti,8,239781.9802,58665.52286000001,679906.3292,4
477,477,pytorch_alexnet,130000,1500,128,J9,M60,8,213990.6955,58665.52286000001,679906.3292,4
478,478,pytorch_alexnet,130000,1500,128,J9,K80,8,190640.851,58665.52286000001,679906.3292,4
479,479,pytorch_alexnet,130000,1500,128,J9,Quadro P600,8,190640.851,58665.52286000001,679906.3292,4
